condition,subject,trial,state,t,x,y
blocked,86863,1,state_init,7708.0,73.41222285254122,864.0009325094695
blocked,86863,1,state_init,7717.0,73.41342062158412,864.0031642456157
blocked,86863,1,state_init,7725.0,73.41366017539264,864.003195678519
blocked,86863,1,state_init,7733.0,73.41461839062703,864.0043377406784
blocked,86863,1,state_init,7741.0,73.41366017539264,864.0022631690496
blocked,86863,1,state_init,7749.0,73.41490585519728,864.0037195602434
blocked,86863,1,state_init,7757.0,73.4164869103339,864.0029756481948
blocked,86863,1,state_init,7765.0,73.4157682489082,864.0012468385041
blocked,86863,1,state_init,7774.0,73.41605571347844,864.0022317361461
blocked,86863,1,state_init,7782.0,73.41490585519728,864.0012363608697
blocked,86863,1,state_init,7791.0,73.41394763996306,863.9993084761238
blocked,86863,1,state_init,7800.0,73.41366017539264,863.9984388324611
blocked,86863,1,state_init,7808.0,73.41342062158412,863.9984073995578
blocked,86863,1,state_init,7816.0,73.41404346148636,864.0006705686072
blocked,86863,1,state_init,7824.0,73.41500167672075,864.0010582410835
blocked,86863,1,state_init,7832.0,73.41485794443554,864.0020117058219
blocked,86863,1,state_init,7841.0,73.41404346148636,864.0006915238763
blocked,86863,1,state_init,7849.0,73.41366017539264,864.0028603942154
blocked,86863,1,state_init,7858.0,73.41557660586125,864.0116930400894
blocked,86863,1,state_init,7866.0,73.42142171879038,864.0227364668405
blocked,86863,1,state_init,7874.0,73.42381725687619,864.0214162848948
blocked,86863,1,state_init,7882.0,73.42190082640758,864.0244967094346
blocked,86863,1,state_init,7891.0,73.42209246945453,864.0235432446962
blocked,86863,1,state_init,7899.0,73.4232423277357,864.0232603485649
blocked,86863,1,state_init,7907.0,73.42444009677843,864.0218668231779
blocked,86863,1,state_init,7915.0,73.42247575554825,864.0233965578133
blocked,86863,1,state_init,7924.0,73.42338606002073,864.0240147382481
blocked,86863,1,state_init,7932.0,73.42161336183733,864.0229564971648
blocked,86863,1,state_init,7941.0,73.4209905219351,864.0224954812472
blocked,86863,1,state_init,7949.0,73.42175709412254,864.0238994842687
blocked,86863,1,state_init,7957.0,73.42271530935676,864.0228831537233
blocked,86863,1,state_init,7965.0,73.42142171879038,864.023710886848
blocked,86863,1,state_init,7974.0,73.42295486316527,864.0223592719989
blocked,86863,1,state_init,7982.0,73.42271530935676,864.0237213644824
blocked,86863,1,state_init,7991.0,73.42142171879038,864.0220239876953
blocked,86863,1,state_init,7999.0,73.42295486316527,864.0238156631927
blocked,86863,1,state_init,8007.0,73.42233202326304,864.0245281423381
blocked,86863,1,state_init,8015.0,73.42113425422014,864.0250310687936
blocked,86863,1,state_init,8024.0,73.42209246945453,864.0249367700833
blocked,86863,1,state_init,8032.0,73.42055932507964,864.0245700528761
blocked,86863,1,state_init,8041.0,73.41979275289219,864.0225478694198
blocked,86863,1,state_init,8049.0,73.42055932507964,864.0235537223306
blocked,86863,1,state_init,8057.0,73.42190082640758,864.0234384683512
blocked,86863,1,state_init,8065.0,73.42008021746244,864.0257540255732
blocked,86863,1,state_init,8074.0,73.42123007574361,864.0255444728834
blocked,86863,1,state_init,8083.0,73.42070305736468,864.0255025623455
blocked,86863,1,state_init,8091.0,73.42055932507964,864.0250625016971
blocked,86863,1,state_init,8099.0,73.42070305736468,864.0272942378432
blocked,86863,1,state_init,8107.0,73.42008021746244,864.0276714326848
blocked,86863,1,state_init,8115.0,73.41950528832194,864.0243185896484
blocked,86863,1,state_init,8124.0,73.42161336183733,864.0252825320213
blocked,86863,1,state_init,8132.0,73.41830751927904,864.0226945563026
blocked,86863,1,state_init,8141.0,73.41845125156408,864.0229669747993
blocked,86863,1,state_init,8149.0,73.41921782375152,864.0250101135246
blocked,86863,1,state_init,8157.0,73.41950528832194,864.0227678997439
blocked,86863,1,state_init,8165.0,73.41643899957216,864.0229250642614
blocked,86863,1,state_init,8174.0,73.41859498384929,864.0235956328686
blocked,86863,1,state_init,8182.0,73.41672646414241,864.0219506442538
blocked,86863,1,state_init,8191.0,73.41763676861507,864.0219820771573
blocked,86863,1,state_init,8199.0,73.41663064261894,864.0225059588818
blocked,86863,1,state_init,8208.0,73.41725348252135,864.0256911597663
blocked,86863,1,state_init,8216.0,73.41552869509951,864.0286039421542
blocked,86863,1,state_init,8224.0,73.41821169775557,864.0286668079611
blocked,86863,1,state_init,8232.0,73.41524123052926,864.0250939346004
blocked,86863,1,state_init,8241.0,73.41543287357621,864.0235432446962
blocked,86863,1,state_init,8249.0,73.41457047986529,864.022317361461
blocked,86863,1,state_init,8258.0,73.41605571347844,864.0235851552342
blocked,86863,1,state_init,8266.0,73.41433092605678,864.0243395449172
blocked,86863,1,state_init,8274.0,73.41643899957216,864.0262464743942
blocked,86863,1,state_init,8282.0,73.41457047986529,864.0233441696408
blocked,86863,1,state_init,8291.0,73.41591198119323,864.0235537223306
blocked,86863,1,state_init,8299.0,73.41471421215033,864.0221811522126
blocked,86863,1,state_init,8308.0,73.41696601795093,864.0226736010336
blocked,86863,1,state_init,8316.0,73.41682228566589,864.0220239876953
blocked,86863,1,state_init,8325.0,73.41696601795093,864.020902880805
blocked,86863,1,state_init,8334.0,73.41591198119323,864.0234489459858
blocked,86863,1,state_init,8342.0,73.4176846793768,864.0225478694198
blocked,86863,1,state_init,8350.0,73.41682228566589,864.0238366184618
blocked,86863,1,state_init,8358.0,73.41816378699383,864.0229145866269
blocked,86863,1,state_init,8366.0,73.41634317804869,864.0213219861845
blocked,86863,1,state_init,8374.0,73.41792423318532,864.02182491264
blocked,86863,1,state_init,8382.0,73.41543287357621,864.0210705229568
blocked,86863,1,state_init,8391.0,73.4175409470916,864.021290553281
blocked,86863,1,state_init,8400.0,73.4157682489082,864.0206723728462
blocked,86863,1,state_init,8408.0,73.4175409470916,864.0228936313579
blocked,86863,1,state_init,8416.0,73.41634317804869,864.0223068838264
blocked,86863,1,state_init,8424.0,73.41763676861507,864.0230298406061
blocked,86863,1,state_init,8433.0,73.41490585519728,864.0226107352266
blocked,86863,1,state_init,8441.0,73.41672646414241,864.0220973311367
blocked,86863,1,state_init,8449.0,73.41543287357621,864.0218668231779
blocked,86863,1,state_init,8458.0,73.4187387161345,864.0240880816896
blocked,86863,1,state_init,8466.0,73.41634317804869,864.0214791507019
blocked,86863,1,state_init,8474.0,73.41696601795093,864.0211333887637
blocked,86863,1,state_init,8482.0,73.41782841166184,864.0189540407902
blocked,86863,1,state_init,8491.0,73.41902618070475,864.0199075055286
blocked,86863,1,state_init,8499.0,73.4157682489082,864.0192683698247
blocked,86863,1,state_init,8508.0,73.41792423318532,864.0188806973487
blocked,86863,1,state_init,8516.0,73.41619944576365,864.0170366336786
blocked,86863,1,state_init,8524.0,73.41663064261894,864.0179062773411
blocked,86863,1,state_init,8532.0,73.41471421215033,864.0169423349682
blocked,86863,1,state_init,8541.0,73.41591198119323,864.0182834721829
blocked,86863,1,state_init,8550.0,73.41461839062703,864.0207142833841
blocked,86863,1,state_init,8558.0,73.41457047986529,864.0213429414536
blocked,86863,1,state_init,8566.0,73.41164792340072,864.0222125851161
blocked,86863,1,state_init,8575.0,72.78420858798535,864.4457814369568
blocked,86863,1,state_init,8583.0,72.13669464341154,864.9130839351535
blocked,86863,1,state_init,8591.0,71.4280465668898,865.5202418985056
blocked,86863,1,state_init,8599.0,71.0289020110448,865.871357907857
blocked,86863,1,state_init,8607.0,70.26271310970384,866.6062382356265
blocked,86863,1,state_init,8615.0,69.20628081389538,867.7256477491319
blocked,86863,1,state_init,8624.0,68.58320135779599,868.496686393522
blocked,86863,1,state_init,8633.0,68.02456187620282,869.2065670854014
blocked,86863,1,state_init,8641.0,67.58589094194338,869.8387561175471
blocked,86863,1,state_init,8650.0,67.21966107939642,870.3850495021542
blocked,86863,1,state_init,8658.0,66.93938312336553,870.8317844038495
blocked,86863,1,state_init,8667.0,66.71621479529858,871.1911672668124
blocked,86863,1,state_init,8675.0,66.57794433699002,871.4543549675344
blocked,86863,1,state_init,8683.0,66.47292394731147,871.6330929342774
blocked,86863,1,state_init,8691.0,66.43095412004948,871.7311845483607
blocked,86863,1,state_init,8699.0,66.41361042430867,871.7451512351342
blocked,86863,1,state_init,8708.0,66.4243424349329,871.7580387255554
blocked,86863,1,state_init,8716.0,66.41658089153498,871.7526846543317
blocked,86863,1,state_init,8724.0,66.41543103325398,871.7526427437938
blocked,86863,1,state_init,8732.0,66.41571849782423,871.7535752532631
blocked,86863,1,state_init,8741.0,66.42223436141734,871.7507043814134
blocked,86863,1,state_init,8749.0,66.42003046637848,871.7530618491733
blocked,86863,1,state_init,8757.0,66.41907225114426,871.750442440551
blocked,86863,1,state_init,8765.0,66.4208928600894,871.749499453447
blocked,86863,1,state_init,8774.0,66.42194689684709,871.7524122358349
blocked,86863,1,state_init,8782.0,66.42213853989404,871.7483469136533
blocked,86863,1,state_init,8791.0,66.42530065016712,871.7523284147591
blocked,86863,1,state_init,8799.0,66.42405497036248,871.7496566179643
blocked,86863,1,state_init,8808.0,66.42501318559687,871.7517102343242
blocked,86863,1,state_init,8816.0,66.4244382564562,871.7500652457094
blocked,86863,1,state_init,8825.0,66.53041686136913,871.4679444594663
blocked,86863,1,state_init,8833.0,66.62240552386129,871.2002828088176
blocked,86863,1,state_init,8841.0,66.69695466908934,871.0223516199302
blocked,86863,1,state_init,8849.0,66.75952612388869,870.9110267534876
blocked,86863,1,state_init,8858.0,66.76278405568524,870.9153330612625
blocked,86863,1,state_init,8866.0,66.75789715799033,870.9087740620724
blocked,86863,1,state_init,8874.0,66.75348936791261,870.9171771249326
blocked,86863,1,state_init,8882.0,66.76010105302919,870.9157207337387
blocked,86863,1,state_init,8891.0,66.75923865931844,870.9131327580199
blocked,86863,1,state_init,8899.0,66.75435176162352,870.9099685124042
blocked,86863,1,state_init,8907.0,66.75435176162352,870.9111315298325
blocked,86863,1,state_init,8915.0,66.75559744142816,870.9109953205841
blocked,86863,1,state_init,8924.0,66.75406429705328,870.9111420074671
blocked,86863,1,state_init,8932.0,66.75559744142816,870.909256033259
blocked,86863,1,state_init,8941.0,66.75521415533444,870.909643705735
blocked,86863,1,state_init,8949.0,66.75348936791261,870.9117392326328
blocked,86863,1,state_init,8957.0,66.75253115267839,870.910136154556
blocked,86863,1,state_init,8965.0,66.75521415533444,870.9100837663837
blocked,86863,1,state_init,8974.0,66.75416011857658,870.9119173524191
blocked,86863,1,state_init,8982.0,66.75588490599841,870.9109324547773
blocked,86863,1,state_init,8991.0,66.75655565666239,870.9103142743425
blocked,86863,1,state_init,8999.0,66.75626819209214,870.9100732887491
blocked,86863,1,state_init,9007.0,66.7545434046703,870.9105238270322
blocked,86863,1,state_init,9015.0,66.75703476427958,870.909360809604
blocked,86863,1,state_init,9024.0,66.75626819209214,870.9088054949759
blocked,86863,1,state_init,9032.0,66.75760969342008,870.9069928642094
blocked,86863,1,state_init,9041.0,66.75818462256075,870.9106600362805
blocked,86863,1,state_init,9049.0,66.75818462256075,870.9088578831484
blocked,86863,1,state_init,9057.0,66.7579929795138,870.9103980954184
blocked,86863,1,state_init,9065.0,66.75866373017777,870.9089312265899
blocked,86863,1,state_init,9074.0,66.75713058580288,870.9101047216527
blocked,86863,1,state_init,9082.0,66.75808880103727,870.9104085730528
blocked,86863,1,state_init,9091.0,66.75665147818586,870.9103142743425
blocked,86863,1,state_init,9100.0,66.75463922619377,870.9105028717631
blocked,86863,1,state_init,9108.0,66.75463922619377,870.9128498618886
blocked,86863,1,state_init,9116.0,66.7545434046703,870.9105238270322
blocked,86863,1,state_init,9125.0,66.75511833381097,870.9127241302748
blocked,86863,1,state_init,9133.0,66.75511833381097,870.9128498618886
blocked,86863,1,state_init,9141.0,66.75492669076402,870.9143272083516
blocked,86863,1,state_init,9149.0,66.7545434046703,870.9113620377913
blocked,86863,1,state_init,9158.0,66.75377683248286,870.9132375343646
blocked,86863,1,state_init,9167.0,66.7550225122875,870.9129965487716
blocked,86863,1,state_init,9175.0,66.75348936791261,870.9123888459711
blocked,86863,1,state_init,9183.0,66.75435176162352,870.913499475227
blocked,86863,1,state_init,9191.0,66.75348936791261,870.9139081029721
blocked,86863,1,state_init,9199.0,66.75281861724864,870.9121792932814
blocked,86863,1,state_init,9207.0,66.75166875896747,870.9118125760742
blocked,86863,1,state_init,9215.0,66.75281861724864,870.9132165790958
blocked,86863,1,state_init,9224.0,66.75109382982697,870.9124831446816
blocked,86863,1,state_init,9232.0,66.75435176162352,870.9165903774012
blocked,86863,1,state_init,9241.0,66.75348936791261,870.9178267382707
blocked,86863,1,state_init,9249.0,66.75348936791261,870.9178057830018
blocked,86863,1,state_init,9257.0,66.75348936791261,870.9184344410711
blocked,86863,1,state_init,9265.0,66.75435176162352,870.9174495434291
blocked,86863,1,state_init,9274.0,66.75291443877211,870.9167580195531
blocked,86863,1,state_init,9282.0,66.75473504771725,870.9160036298697
blocked,86863,1,state_init,9291.0,66.75320190334236,870.9153540165315
blocked,86863,1,state_init,9299.0,66.75377683248286,870.9157312113731
blocked,86863,1,state_init,9307.0,66.75281861724864,870.9155845244902
blocked,86863,1,state_init,9315.0,66.75463922619377,870.9159721969663
blocked,86863,1,state_init,9324.0,66.75281861724864,870.9155845244902
blocked,86863,1,state_init,9332.0,66.75473504771725,870.9178581711742
blocked,86863,1,state_init,9341.0,66.75348936791261,870.9181829778433
blocked,86863,1,state_init,9349.0,66.75377683248286,870.9176486184845
blocked,86863,1,state_init,9357.0,66.75377683248286,870.9182248883814
blocked,86863,1,state_init,9365.0,66.75406429705328,870.9170513933187
blocked,86863,1,state_init,9374.0,66.75320190334236,870.9178267382707
blocked,86863,1,state_init,9382.0,66.75387265400633,870.9192307412922
blocked,86863,1,state_init,9391.0,66.75205204506119,870.9201632507618
blocked,86863,1,state_init,9399.0,66.75406429705328,870.9200375191479
blocked,86863,1,state_searching_ring,9408.0,66.75109382982697,870.9188221135473
blocked,86863,1,state_searching_ring,9416.0,66.75291443877211,870.9200689520515
blocked,86863,1,state_searching_ring,9425.0,66.75166875896747,870.9201842060309
blocked,86863,1,state_searching_ring,9433.0,66.75291443877211,870.9182353660158
blocked,86863,1,state_searching_ring,9441.0,66.75109382982697,870.9176486184845
blocked,86863,1,state_searching_ring,9449.0,66.75176458049094,870.9170618709531
blocked,86863,1,state_searching_ring,9457.0,66.75080636525655,870.9166008550357
blocked,86863,1,state_searching_ring,9465.0,66.75253115267839,870.9200270415134
blocked,86863,1,state_searching_ring,9474.0,66.75138129439722,870.919503159789
blocked,86863,1,state_searching_ring,9482.0,66.75425594010005,870.9219025380869
blocked,86863,1,state_searching_ring,9491.0,66.75406429705328,870.9219758815284
blocked,86863,1,state_searching_ring,9499.0,66.75463922619377,870.9202680271068
blocked,86863,1,state_searching_ring,9507.0,66.75483086924072,870.9205194903344
blocked,86863,1,state_searching_ring,9515.0,66.754447583147,870.9171666472979
blocked,86863,1,state_searching_ring,9523.0,66.75320190334236,870.9155950021246
blocked,86863,1,state_searching_ring,9531.0,66.75435176162352,870.9161922272906
blocked,86863,1,state_searching_ring,9540.0,66.75416011857658,870.9178057830018
blocked,86863,1,state_searching_ring,9548.0,66.75435176162352,870.9187278148368
blocked,86863,1,state_searching_ring,9557.0,66.75435176162352,870.9194088610786
blocked,86863,1,state_searching_ring,9565.0,66.7545434046703,870.917680051388
blocked,86863,1,state_searching_ring,9573.0,66.75521415533444,870.9187906806438
blocked,86863,1,state_searching_ring,9581.0,66.75578908447494,870.9173657223532
blocked,86863,1,state_searching_ring,9590.0,66.75598072752172,870.9160979285803
blocked,86863,1,state_searching_ring,9598.0,66.75626819209214,870.9160979285803
blocked,86863,1,state_searching_ring,9606.0,66.75780133646703,870.9155845244902
blocked,86863,1,state_searching_ring,9614.0,66.7575138718966,870.9147358360967
blocked,86863,1,state_searching_ring,9623.0,66.7579929795138,870.9142014767377
blocked,86863,1,state_searching_ring,9631.0,66.7579929795138,870.9148510900759
blocked,86863,1,state_searching_ring,9640.0,66.75837626560752,870.9165275115942
blocked,86863,1,state_searching_ring,9648.0,66.75885537322472,870.9145786715793
blocked,86863,1,state_searching_ring,9657.0,66.76077180369333,870.9136880726477
blocked,86863,1,state_searching_ring,9665.0,66.76125091131036,870.9127031750057
blocked,86863,1,state_searching_ring,9673.0,66.76565870138808,870.9091617345487
blocked,86863,1,state_searching_ring,9681.0,67.1484656874884,870.4447091529329
blocked,86863,1,state_searching_ring,9690.0,67.59566473733321,869.9075522656
blocked,86863,1,state_searching_ring,9698.0,68.26162432516708,869.1577832192219
blocked,86863,1,state_searching_ring,9707.0,69.15760347999316,868.1824202246673
blocked,86863,1,state_searching_ring,9715.0,70.35575580895369,866.9711113790615
blocked,86863,1,state_searching_ring,9723.0,71.91113077725879,865.5786547107801
blocked,86863,1,state_searching_ring,9731.0,73.86373387094028,864.0178748444379
blocked,86863,1,state_searching_ring,9740.0,76.25941568895911,862.1726586346301
blocked,86863,1,state_searching_ring,9748.0,79.32172784547578,859.9502580608632
blocked,86863,1,state_searching_ring,9757.0,83.07409870296891,857.2554314256346
blocked,86863,1,state_searching_ring,9765.0,87.71051893562134,854.1072270684449
blocked,86863,1,state_searching_ring,9773.0,93.37222946896759,850.2931061736903
blocked,86863,1,state_searching_ring,9781.0,100.60435894979742,846.0451169123925
blocked,86863,1,state_searching_ring,9790.0,108.96622419185911,841.5363183734016
blocked,86863,1,state_searching_ring,9798.0,118.440337767127,836.460438822978
blocked,86863,1,state_searching_ring,9807.0,128.75988464361205,830.9025933248906
blocked,86863,1,state_searching_ring,9815.0,140.13610336971425,824.8755488767642
blocked,86863,1,state_searching_ring,9823.0,152.4274655553283,818.3819091707692
blocked,86863,1,state_searching_ring,9831.0,165.60488936809355,811.4156967164294
blocked,86863,1,state_searching_ring,9840.0,179.4759651889638,803.9328530607202
blocked,86863,1,state_searching_ring,9848.0,193.63038525461474,796.0851650750708
blocked,86863,1,state_searching_ring,9857.0,209.2712846132249,787.2265451451863
blocked,86863,1,state_searching_ring,9865.0,224.63056451447642,778.5413562601763
blocked,86863,1,state_searching_ring,9873.0,240.853387984873,769.2035770789668
blocked,86863,1,state_searching_ring,9881.0,257.53807119819913,759.5382829238048
blocked,86863,1,state_searching_ring,9890.0,274.66918688918264,749.6399750181179
blocked,86863,1,state_searching_ring,9898.0,292.15532132447186,739.4726880629584
blocked,86863,1,state_searching_ring,9907.0,309.868983967144,729.1959386408865
blocked,86863,1,state_searching_ring,9915.0,327.66984419613686,718.8322300913758
blocked,86863,1,state_searching_ring,9923.0,345.38173414062544,708.4461465534142
blocked,86863,1,state_searching_ring,9931.0,363.09300124521195,697.535502864184
blocked,86863,1,state_searching_ring,9940.0,380.3161535094492,687.509643019353
blocked,86863,1,state_searching_ring,9948.0,397.88847940506315,677.2107150644773
blocked,86863,1,state_searching_ring,9956.0,415.6415246938647,666.977722863439
blocked,86863,1,state_searching_ring,9964.0,433.53739196333777,657.0499127221535
blocked,86863,1,state_searching_ring,9973.0,451.4298096579673,647.2688104189791
blocked,86863,1,state_searching_ring,9981.0,469.69013409180394,637.9362137377286
blocked,86863,1,state_searching_ring,9990.0,488.06429449547454,629.1731184014777
blocked,86863,1,state_searching_ring,9998.0,506.7444130234551,620.895064198613
blocked,86863,1,state_searching_ring,10006.0,525.78901267118,613.304238041863
blocked,86863,1,state_searching_ring,10014.0,544.6012930353504,606.0818474242743
blocked,86863,1,state_searching_ring,10023.0,563.0380248938204,599.0947216114951
blocked,86863,1,state_searching_ring,10031.0,580.9082838611571,592.3218843792793
blocked,86863,1,state_searching_ring,10040.0,597.9978848771148,585.7550269634769
blocked,86863,1,state_searching_ring,10048.0,614.1757920084038,579.0099868955596
blocked,86863,1,state_searching_ring,10055.0,629.9543389854203,572.504591283668
blocked,86863,1,state_searching_ring,10064.0,645.3276806952351,566.2414804916936
blocked,86863,1,state_searching_ring,10073.0,660.2049304228751,560.0462857264749
blocked,86863,1,state_searching_ring,10081.0,674.3079422412062,554.0205352662078
blocked,86863,1,state_searching_ring,10090.0,687.6622765416029,547.9800113413118
blocked,86863,1,state_searching_ring,10098.0,700.3702347780163,542.1765962848951
blocked,86863,1,state_searching_ring,10106.0,712.2303521974368,536.7194880035996
blocked,86863,1,state_searching_ring,10114.0,723.3456608929313,531.3157737476586
blocked,86863,1,state_searching_ring,10123.0,733.5713266318362,526.1214026288021
blocked,86863,1,state_searching_ring,10131.0,743.1823332310136,521.1208258374489
blocked,86863,1,state_searching_ring,10140.0,752.4424773444637,516.3917245556983
blocked,86863,1,state_searching_ring,10148.0,761.4562643211771,512.1744976292593
blocked,86863,1,state_searching_ring,10156.0,770.035021581521,508.48020944015224
blocked,86863,1,state_searching_cursor,10164.0,778.0457069290596,505.20024882926685
blocked,86863,1,state_searching_cursor,10173.0,785.2485629344818,502.2842602852504
blocked,86863,1,state_searching_cursor,10181.0,791.4004185267047,499.74385302711653
blocked,86863,1,state_searching_cursor,10190.0,796.8704440912759,497.61467196739574
blocked,86863,1,state_searching_cursor,10198.0,801.8982712917563,495.99749099460047
blocked,86863,1,state_searching_cursor,10206.0,806.3588350735348,494.8934626485246
blocked,86863,1,state_searching_cursor,10214.0,809.9073875618485,494.1970771498666
blocked,86863,1,state_searching_cursor,10223.0,812.4567371592219,493.7238024000113
blocked,86863,1,state_searching_cursor,10231.0,814.0337438364412,493.44115773204373
blocked,86863,1,state_searching_cursor,10238.0,814.7667365687591,493.3378692112539
blocked,86863,1,state_searching_cursor,10247.0,815.0079373097665,493.35756716409276
blocked,86863,1,state_searching_cursor,10256.0,815.0670951227937,493.4140835245249
blocked,86863,1,state_searching_cursor,10264.0,815.3946071010298,494.12890965988305
blocked,86863,1,state_searching_cursor,10273.0,816.0398273178865,495.3957394906446
blocked,86863,1,state_searching_cursor,10281.0,817.1707728258518,497.2599621294148
blocked,86863,1,state_searching_cursor,10290.0,818.6070775736057,499.483462854803
blocked,86863,1,state_searching_cursor,10298.0,820.4402990267845,502.2659872907021
blocked,86863,1,state_searching_cursor,10306.0,822.2844082005632,505.01980300810214
blocked,86863,1,state_searching_cursor,10314.0,823.9716515516427,507.7187578313193
blocked,86863,1,state_searching_cursor,10323.0,825.2463892332042,509.9086463052678
blocked,86863,1,state_searching_cursor,10331.0,826.3602605434634,511.8851263199501
blocked,86863,1,state_searching_cursor,10340.0,827.593217046387,513.8750596173159
blocked,86863,1,state_searching_cursor,10348.0,828.7187456438559,515.628722256961
blocked,86863,1,state_searching_cursor,10357.0,829.8925742779784,517.4293666096537
blocked,86863,1,state_searching_ring,10365.0,831.1195718799139,519.3140206356768
blocked,86863,1,state_searching_ring,10373.0,832.1587473182371,521.10112788461
blocked,86863,1,state_searching_ring,10381.0,832.9253494498981,522.493898881926
blocked,86863,1,state_searching_ring,10390.0,833.2528404671762,523.4731176459724
blocked,86863,1,state_searching_ring,10398.0,833.2743104772695,524.1676590809603
blocked,86863,1,state_searching_ring,10406.0,833.1257451940374,524.9663272474971
blocked,86863,1,state_searching_ring,10414.0,832.9727631374599,525.6762079393766
blocked,86863,1,state_searching_ring,10423.0,832.82691080111,526.2202276772997
blocked,86863,1,state_searching_ring,10431.0,832.6633135163902,526.7907977410172
blocked,86863,1,state_searching_ring,10440.0,832.4909665288119,527.4248203591983
blocked,86863,1,state_searching_ring,10448.0,832.2780241539485,528.1671607627237
blocked,86863,1,state_searching_ring,10456.0,831.9971353357057,529.1359438028194
blocked,86863,1,state_searching_ring,10464.0,831.6866346723009,530.3207966213412
blocked,86863,1,state_searching_ring,10473.0,831.3261541011595,531.4446276966008
blocked,86863,1,state_searching_ring,10481.0,830.7975486783164,532.4523246711875
blocked,86863,1,state_searching_ring,10489.0,830.1419168540547,533.3688033599154
blocked,86863,1,state_searching_ring,10498.0,829.441722032553,534.1063659621141
blocked,86863,1,state_searching_ring,10506.0,828.5642633815522,534.8280654256968
blocked,86863,1,state_searching_ring,10514.0,827.5764482797867,535.5759170649633
blocked,86863,1,state_searching_ring,10523.0,826.6636314866407,536.210337833255
blocked,86863,1,state_searching_ring,10531.0,825.6286931563063,536.8916774487872
blocked,86863,1,state_searching_ring,10540.0,824.7343908781404,537.4930308026325
blocked,86863,1,state_searching_ring,10548.0,823.9091040522242,537.9934216705445
blocked,86863,1,state_searching_ring,10556.0,823.2658841096691,538.3339867019658
blocked,86863,1,state_searching_ring,10564.0,822.7386231825766,538.5336065942447
blocked,86863,1,state_searching_ring,10573.0,822.2276878475383,538.6466183598401
blocked,86863,1,state_searching_ring,10581.0,821.7555692127567,538.6840025596957
blocked,86863,1,state_searching_ring,10590.0,821.2764975286813,538.6742374043523
blocked,86863,1,state_searching_ring,10598.0,820.8304842701889,538.629036889168
blocked,86863,1,state_searching_ring,10606.0,820.4047672081279,538.5749932504752
blocked,86863,1,state_searching_ring,10614.0,819.9450514717853,538.5211382092033
blocked,86863,1,state_searching_ring,10623.0,819.3935626713782,538.4791228949034
blocked,86863,1,state_searching_cursor,10631.0,818.6078561234835,538.4338595139122
blocked,86863,1,state_searching_cursor,10640.0,817.5261868339418,538.3322055041027
blocked,86863,1,state_searching_cursor,10648.0,815.8646715619029,538.0181698432069
blocked,86863,1,state_searching_cursor,10656.0,814.0905540221444,537.5429672086057
blocked,86863,1,state_searching_cursor,10664.0,812.3323608218107,537.0905639066519
blocked,86863,1,state_searching_cursor,10673.0,810.088100966191,536.4261980589915
blocked,86863,1,state_searching_cursor,10681.0,807.2816562326115,535.3552790378999
blocked,86863,1,state_searching_cursor,10690.0,804.9161162725566,534.5338534492537
blocked,86863,1,state_searching_cursor,10698.0,802.7943043461892,533.9660075705033
blocked,86863,1,state_searching_cursor,10707.0,800.8811258205537,533.6415152303877
blocked,86863,1,state_searching_cursor,10715.0,798.2838295283944,533.2738550361787
blocked,86863,1,state_searching_cursor,10724.0,797.5775710011133,533.1991704575431
blocked,86863,1,state_searching_cursor,10732.0,796.3771069778999,533.0883799504594
blocked,86863,1,state_searching_cursor,10740.0,795.5067181586746,532.991419920901
blocked,86863,1,state_searching_cursor,10748.0,794.6863841077508,532.9196900351911
blocked,86863,1,state_searching_cursor,10756.0,793.9495046148886,532.9498656225186
blocked,86863,1,state_searching_cursor,10764.0,793.3190169572592,533.1285721563582
blocked,86863,1,state_searching_cursor,10773.0,792.7963165357974,533.383094853358
blocked,86863,1,state_searching_cursor,10781.0,792.2724003787571,533.7259649643668
blocked,86863,1,state_searching_cursor,10790.0,791.3871292791741,534.4426980292018
blocked,86863,1,state_searching_cursor,10798.0,791.1320044730436,534.7037587701226
blocked,86863,1,state_searching_cursor,10807.0,790.581144501384,535.297652048212
blocked,86863,1,state_searching_cursor,10815.0,790.1161645700978,535.7868947130281
blocked,86863,1,state_searching_cursor,10823.0,789.5849839438125,536.252185505403
blocked,86863,1,state_searching_cursor,10831.0,789.22097594284,536.5957052297499
blocked,86863,1,state_searching_cursor,10839.0,788.9753015344575,536.793439147821
blocked,86863,1,state_searching_cursor,10847.0,788.8021460527756,536.9201766145966
blocked,86863,1,state_searching_cursor,10856.0,788.8484098820562,536.8963923843071
blocked,86863,1,state_searching_cursor,10864.0,788.8538836865821,536.8981945374392
blocked,86863,1,state_searching_cursor,10873.0,788.8538477535108,536.8977335215217
blocked,86863,1,state_searching_cursor,10881.0,788.8550095894825,536.8971886845283
blocked,86863,1,state_searching_cursor,10889.0,788.8536800658449,536.8979640294804
blocked,86863,1,state_searching_cursor,10897.0,788.8541831288429,536.8977754320596
blocked,86863,1,state_searching_cursor,10906.0,788.8554587528736,536.8970000871075
blocked,86863,1,state_searching_cursor,10914.0,788.8562432915966,536.8957637262378
blocked,86863,1,state_searching_cursor,10923.0,789.1288016261462,536.6038777846512
blocked,86863,1,state_searching_cursor,10931.0,789.425764504944,535.9683463871037
blocked,86863,1,state_searching_cursor,10939.0,789.6634557826558,535.4521342911136
blocked,86863,1,state_searching_cursor,10947.0,789.9444344335768,534.9284830746366
blocked,86863,1,state_searching_cursor,10956.0,790.2435592854971,534.4327442764376
blocked,86863,1,state_searching_cursor,10964.0,790.6027881879885,533.9473573811133
blocked,86863,1,state_searching_cursor,10973.0,791.0096104433983,533.5220073314094
blocked,86863,1,state_searching_cursor,10981.0,791.6380559048094,533.0029453188386
blocked,86863,1,state_searching_cursor,10990.0,792.2640279731474,532.4423080526162
blocked,86863,1,state_searching_cursor,10998.0,793.0105075848879,531.7840820987662
blocked,86863,1,state_searching_cursor,11006.0,793.6589917223866,531.1217279569275
blocked,86863,1,state_searching_cursor,11014.0,794.0791990468502,530.5227006379388
blocked,86863,1,state_searching_cursor,11023.0,794.3877982518998,529.8547514392832
blocked,86863,1,state_holding,11031.0,794.5778003551696,529.1550130975888
blocked,86863,1,state_holding,11040.0,794.678424932461,528.4127355598703
blocked,86863,1,state_holding,11048.0,794.668088185621,527.6823396596619
blocked,86863,1,state_holding,11056.0,794.5253380710922,526.9732762232726
blocked,86863,1,state_holding,11064.0,794.241029622232,526.2294270403808
blocked,86863,1,state_holding,11073.0,793.9424018444645,525.6542258622193
blocked,86863,1,state_holding,11081.0,793.5317347504273,525.0724447295988
blocked,86863,1,state_holding,11089.0,793.4880940353503,524.1686858891403
blocked,86863,1,state_holding,11097.0,795.2944495288978,521.1833354048086
blocked,86863,1,state_holding,11106.0,797.6177381859657,517.3106759661655
blocked,86863,1,state_holding,11114.0,798.3399210526719,515.2071022451352
blocked,86863,1,state_holding,11123.0,798.803224107298,513.740233416715
blocked,86863,1,state_holding,11131.0,799.8578118387804,511.52641402559436
blocked,86863,1,state_holding,11140.0,801.9050925864552,507.2442467205944
blocked,86863,1,state_holding,11148.0,802.0565085600092,506.6820797197368
blocked,86863,1,state_holding,11157.0,802.2527270846118,505.6955056562794
blocked,86863,1,state_holding,11165.0,802.3104176305613,505.1233010815817
blocked,86863,1,state_holding,11173.0,802.3040934100152,504.7138979915697
blocked,86863,1,state_holding,11181.0,802.2128293977938,504.363504938998
blocked,86863,1,state_holding,11190.0,801.982791864266,503.9612685509763
blocked,86863,1,state_holding,11198.0,801.6795287203026,503.45257939654914
blocked,86863,1,state_holding,11206.0,801.3986279243695,502.8929689385068
blocked,86863,1,state_holding,11214.0,801.109444555505,502.32030334789164
blocked,86863,1,state_holding,11223.0,800.8431864861209,501.7870546182229
blocked,86863,1,state_holding,11231.0,800.6355592113852,501.2915253727137
blocked,86863,1,state_holding,11239.0,800.4787892102095,500.85741602057715
blocked,86863,1,state_holding,11247.0,800.3854410798536,500.54589499195873
blocked,86863,1,state_searching_cursor,11256.0,800.3472023031602,500.35905781375595
blocked,86863,1,state_searching_cursor,11264.0,800.3429981338197,500.2904293078549
blocked,86863,1,state_searching_cursor,11273.0,800.3424351823696,500.2852743116864
blocked,86863,1,state_searching_cursor,11281.0,800.3457290472373,500.2872860175083
blocked,86863,1,state_searching_cursor,11289.0,800.3448726423717,500.2880823177294
blocked,86863,1,state_searching_cursor,11297.0,800.3469088497446,500.2862382540594
blocked,86863,1,state_searching_cursor,11306.0,800.3479089868955,500.28617538825245
blocked,86863,1,state_searching_cursor,11314.0,800.4309862477086,500.3024785875169
blocked,86863,1,state_searching_cursor,11323.0,800.4671349174223,500.31098642672174
blocked,86863,1,state_searching_cursor,11331.0,800.4868561847131,500.3163509755799
blocked,86863,1,state_searching_cursor,11339.0,800.4998220346022,500.32234418250755
blocked,86863,1,state_searching_cursor,11347.0,800.5668551790862,500.4238934159721
blocked,86863,1,state_holding,11356.0,800.5867800671144,500.4842236353582
blocked,86863,1,state_holding,11364.0,800.5895169693774,500.49055212658936
blocked,86863,1,state_holding,11373.0,800.6431590559621,500.7338637546863
blocked,86863,1,state_holding,11381.0,800.6547893933684,501.03740082582436
blocked,86863,1,state_holding,11390.0,800.638823132027,501.4191429607862
blocked,86863,1,state_holding,11398.0,800.5995363074209,501.8550754213237
blocked,86863,1,state_holding,11406.0,800.5371564956685,502.31623802571
blocked,86863,1,state_holding,11415.0,800.4275666170912,502.8523366719596
blocked,86863,1,state_holding,11423.0,800.3068853971772,503.4612548779058
blocked,86863,1,state_holding,11431.0,800.3345658397578,504.1730634545312
blocked,86863,1,state_holding,11440.0,800.3864112727783,504.8653836310075
blocked,86863,1,state_holding,11448.0,800.4600141804626,505.43125971447404
blocked,86863,1,state_holding,11456.0,800.5650166036055,505.9183020760475
blocked,86863,1,state_holding,11464.0,800.7056825999997,506.38560457424416
blocked,86863,1,state_holding,11473.0,800.8741727712597,506.86286082520513
blocked,86863,1,state_holding,11481.0,801.0755836246631,507.2824900864782
blocked,86863,1,state_holding,11490.0,801.2844266349774,507.5801387270336
blocked,86863,1,state_holding,11498.0,801.4808008695554,507.7436317355955
blocked,86863,1,state_holding,11506.0,801.5985715106951,507.81462818689107
blocked,86863,1,state_holding,11514.0,801.6673354314463,507.8445942215288
blocked,86863,1,state_holding,11523.0,801.7086943964964,507.8661152827686
blocked,86863,1,state_holding,11531.0,801.7752783775894,507.97309193089836
blocked,86863,1,state_holding,11540.0,801.8605415669059,508.1602224828669
blocked,86863,1,state_holding,11548.0,801.9771922939906,508.4123981897412
blocked,86863,1,state_holding,11556.0,802.1257994991392,508.7290323039902
blocked,86863,1,state_holding,11564.0,802.2773112942167,509.08948388567103
blocked,86863,1,state_holding,11573.0,802.3990764951145,509.46424791606336
blocked,86863,1,state_holding,11581.0,802.5013899267561,509.8245528108613
blocked,86863,1,state_holding,11588.0,802.5699622044604,510.13892375606076
blocked,86863,1,state_holding,11597.0,802.6277365942428,510.394054155861
blocked,86863,1,state_holding,11606.0,802.6652207764394,510.52399777879003
blocked,86863,1,state_holding,11614.0,802.6713413762484,510.5482220697279
blocked,86863,1,state_holding,11623.0,802.6731440186579,510.548096338114
blocked,86863,1,state_holding,11631.0,802.6727068329573,510.55040141770155
blocked,86863,1,state_holding,11640.0,802.6721199261262,510.55061097039135
blocked,86863,1,state_holding,11648.0,802.6720600376743,510.55216166029567
blocked,86863,1,state_holding,11656.0,802.6719941603768,510.55073670200517
blocked,86863,1,state_holding,11664.0,802.6697663099571,510.54920696736986
blocked,86863,1,state_holding,11673.0,802.669592633446,510.54721621681705
blocked,86863,1,state_holding,11681.0,802.6707844136436,510.5465246929407
blocked,86863,1,state_holding,11690.0,802.6679037790955,510.5462103639061
blocked,86863,1,state_holding,11698.0,802.6691015481382,510.5459589006784
blocked,86863,1,state_holding,11706.0,802.6677181248938,510.5456864821817
blocked,86863,1,state_holding,11714.0,802.6664245343276,510.54581221379556
blocked,86863,1,state_holding,11723.0,802.6670234188489,510.5451416451882
blocked,86863,1,state_holding,11731.0,802.6669096307899,510.54518355572617
blocked,86863,1,state_holding,11739.0,802.6670892961463,510.5447854056156
blocked,86863,1,state_holding,11747.0,802.6674486268591,510.54463871873276
blocked,86863,1,state_holding,11756.0,802.667167151134,510.54484827142255
blocked,86863,1,state_holding,11764.0,802.6672150618957,510.54463871873276
blocked,86863,1,state_holding,11773.0,802.6661071255312,510.54509973465025
blocked,86863,1,state_holding,11781.0,802.6665562889223,510.5446177634638
blocked,86863,1,state_holding,11790.0,802.6667000212075,510.54411483700835
blocked,86863,1,state_holding,11798.0,802.6660771813051,510.5435700000149
blocked,86863,1,state_holding,11806.0,802.6667299654334,510.5431508946354
blocked,86863,1,state_holding,11814.0,802.6664065677918,510.5435280894769
blocked,86863,1,state_holding,11823.0,802.6675983479896,510.54396815012547
blocked,86863,1,state_holding,11831.0,802.6677480691199,510.54484827142255
blocked,86863,1,state_holding,11840.0,802.668646395902,510.5455607505678
blocked,86863,1,state_holding,11848.0,802.6684307974742,510.5452464215331
blocked,86863,1,state_holding,11856.0,802.6807558409255,510.5408458150478
blocked,86863,1,state_holding,11864.0,802.6799653133571,510.5432137604423
blocked,86863,1,state_holding,11873.0,802.6803725548317,510.54380050797363
blocked,86863,1,state_holding,11881.0,802.680240800237,510.54204026537957
blocked,86863,1,state_holding,11889.0,802.6802647556177,510.5427736997938
blocked,86863,1,state_holding,11897.0,802.6805641978787,510.54344426840106
blocked,86863,1,state_holding,11906.0,802.6818877326708,510.5437795527047
blocked,86863,1,state_holding,11914.0,802.6819955318848,510.54336044732514
blocked,86863,1,state_holding,11923.0,802.6818757549804,510.54344426840106
blocked,86863,1,state_holding,11931.0,802.6825225502636,510.5432137604423
blocked,86863,1,state_holding,11939.0,802.6819536099683,510.54375859743567
blocked,86863,1,state_holding,11947.0,802.6818098776831,510.5438633737806
blocked,86863,1,state_holding,11956.0,802.6817020784692,510.54298325248357
blocked,86863,1,state_holding,11964.0,802.6818038888379,510.5426898787179
blocked,86863,1,state_holding,11973.0,802.681414613899,510.5430251630215
blocked,86863,1,state_holding,11981.0,802.6816242234814,510.5436538210908
blocked,86863,1,state_holding,11989.0,802.6809894058887,510.5436538210908
blocked,86863,1,state_holding,11997.0,802.6813786808278,510.54388432904955
blocked,86863,1,state_holding,12006.0,802.6810852274122,510.54375859743567
blocked,86863,1,state_holding,12014.0,802.6814325804346,510.5440100606634
blocked,86863,1,state_holding,12023.0,802.6812469262329,510.54380050797363
blocked,86863,1,state_holding,12031.0,802.6812948369948,510.54344426840106
blocked,86863,1,state_holding,12039.0,802.6814325804346,510.5426270129109
blocked,86863,1,state_holding,12047.0,802.6812289596974,510.5423545944142
blocked,86863,1,state_holding,12056.0,802.6818098776831,510.5429413419456
blocked,86863,1,state_holding,12064.0,802.6815463684937,510.54248032602806
blocked,86863,1,state_holding,12072.0,802.6811570935547,510.54266892344896
blocked,86863,1,state_holding,12080.0,802.6810612720315,510.5432137604423
blocked,86863,1,state_holding,12089.0,802.6810373166504,510.54289943140765
blocked,86863,1,state_holding,12097.0,802.6810552831862,510.5426898787179
blocked,86863,1,state_holding,12106.0,802.6818398219093,510.5422707733383
blocked,86863,1,state_holding,12114.0,802.6811810489356,510.5417468916139
blocked,86863,1,state_holding,12123.0,802.6806001309499,510.5419983548416
blocked,86863,1,state_holding,12131.0,802.6812948369948,510.5423545944142
blocked,86863,1,state_holding,12140.0,802.6813187923756,510.5425851023729
blocked,86863,1,state_holding,12148.0,802.6809834170435,510.54298325248357
blocked,86863,1,state_holding,12156.0,802.6806779859376,510.54323471571126
blocked,86863,1,state_holding,12164.0,802.6807797963063,510.5432766262492
blocked,86863,1,state_holding,12173.0,802.6811031939479,510.54350713420797
blocked,86863,1,state_holding,12181.0,802.680941495127,510.54310898409744
blocked,86863,1,state_holding,12189.0,802.6813547254468,510.5428575208697
blocked,86863,1,state_holding,12197.0,802.682109319944,510.54271083398686
blocked,86863,1,state_holding,12206.0,802.6813487366015,510.5432766262492
blocked,86863,1,state_holding,12214.0,802.6818398219093,510.5427736997938
blocked,86863,1,state_holding,12222.0,802.6805881532594,510.54204026537957
blocked,86863,1,state_holding,12230.0,802.6809534728175,510.542564147104
blocked,86863,1,state_holding,12239.0,802.6802288225465,510.54319280517336
blocked,86863,1,state_holding,12247.0,802.680294699844,510.5431299393664
blocked,86863,1,state_holding,12256.0,802.6800611348806,510.5432766262492
blocked,86863,1,state_holding,12264.0,802.680773807461,510.54350713420797
blocked,86863,1,state_holding,12273.0,802.6805641978787,510.5441777028153
blocked,86863,1,state_holding,12281.0,802.6803006886892,510.5436538210908
blocked,86863,1,state_holding,12289.0,802.6806480417116,510.5432766262492
blocked,86863,1,state_holding,12297.0,802.6809055620557,510.54329758151823
blocked,86863,1,state_holding,12306.0,802.6804803540456,510.5433394920562
blocked,86863,1,state_holding,12314.0,802.6802587667726,510.54344426840106
blocked,86863,1,state_holding,12322.0,802.6802288225465,510.5432137604423
blocked,86863,1,state_holding,12330.0,802.6808217182228,510.54319280517336
blocked,86863,1,state_holding,12339.0,802.680773807461,510.54394719485646
blocked,86863,1,state_holding,12347.0,802.6811630824,510.5450787793813
blocked,86863,1,state_holding,12356.0,802.6810373166504,510.5450787793813
blocked,86863,1,state_holding,12364.0,802.681444558125,510.5441567475463
blocked,86863,1,state_holding,12372.0,802.6805462313429,510.5435700000149
blocked,86863,1,state_holding,12380.0,802.6802527779275,510.54363286582185
blocked,86863,1,state_holding,12389.0,802.6798994360597,510.54388432904955
blocked,86863,1,state_holding,12397.0,802.6799174025954,510.5432556709803
blocked,86863,1,state_holding,12406.0,802.680294699844,510.5430670735595
blocked,86863,1,state_holding,12414.0,802.6800491571901,510.54310898409744
blocked,86863,1,state_holding,12423.0,802.6806719970923,510.5432766262492
blocked,86863,1,state_holding,12431.0,802.6803725548317,510.5438424185116
blocked,86863,1,state_holding,12439.0,802.6804623875099,510.54380050797363
blocked,86863,1,state_holding,12447.0,802.6803366217605,510.54346522367
blocked,86863,1,state_holding,12456.0,802.6807438632351,510.54344426840106
blocked,86863,1,state_holding,12464.0,802.6801030567971,510.54369573162876
blocked,86863,1,state_holding,12473.0,802.6803965102126,510.54336044732514
blocked,86863,1,state_holding,12481.0,802.6806480417116,510.5437376421667
blocked,86863,1,state_holding,12489.0,802.6799952575831,510.5437376421667
blocked,86863,1,state_holding,12497.0,802.6796179603348,510.5433814025941
blocked,86863,1,state_holding,12506.0,802.6794981834305,510.54350713420797
blocked,86863,1,state_holding,12514.0,802.6792226965506,510.54329758151823
blocked,86863,1,state_holding,12522.0,802.6793784065261,510.5430670735595
blocked,86863,1,state_holding,12530.0,802.6788094662309,510.5426898787179
blocked,86863,1,state_holding,12539.0,802.6797497149295,510.5427736997938
blocked,86863,1,state_holding,12547.0,802.6799593245119,510.5428156103318
blocked,86863,1,state_holding,12556.0,802.6800012464283,510.54319280517336
blocked,86863,1,state_holding,12564.0,802.6802048671658,510.5431508946354
blocked,86863,1,state_holding,12573.0,802.680210856011,510.54289943140765
blocked,86863,1,state_holding,12581.0,802.6794502726686,510.5433394920562
blocked,86863,1,state_holding,12589.0,802.6795520830373,510.5426898787179
blocked,86863,1,state_holding,12597.0,802.679845536453,510.54289943140765
blocked,86863,1,state_holding,12606.0,802.6799054249049,510.5429622972146
blocked,86863,1,state_holding,12614.0,802.6800072352736,510.54292038667666
blocked,86863,1,state_holding,12622.0,802.680210856011,510.54260605764193
blocked,86863,1,state_holding,12631.0,802.6806061197951,510.5423126838762
blocked,86863,1,state_holding,12639.0,802.6799832798929,510.5423336391452
blocked,86863,1,state_holding,12647.0,802.680660019402,510.542501281297
blocked,86863,1,state_holding,12656.0,802.680965450508,510.54266892344896
blocked,86863,1,state_holding,12664.0,802.6813547254468,510.54310898409744
blocked,86863,1,state_holding,12672.0,802.6808037516871,510.5432137604423
blocked,86863,1,state_holding,12681.0,802.6807917739968,510.54283656560074
blocked,86863,1,state_holding,12689.0,802.6807498520802,510.5420821759175
blocked,86863,1,state_holding,12697.0,802.6806779859376,510.54248032602806
blocked,86863,1,state_holding,12706.0,802.6804144767482,510.54292038667666
blocked,86863,1,state_holding,12714.0,802.6803725548317,510.54308802882844
blocked,86863,1,state_holding,12722.0,802.6803485994508,510.5433814025941
blocked,86863,1,state_holding,12731.0,802.6806959524733,510.543486178939
blocked,86863,1,state_holding,12739.0,802.6808157293775,510.5427736997938
blocked,86863,1,state_holding,12748.0,802.6802827221535,510.54260605764193
blocked,86863,1,state_holding,12757.0,802.680719907854,510.54271083398686
blocked,86863,1,state_holding,12765.0,802.6805641978787,510.54289943140765
blocked,86863,1,state_holding,12773.0,802.6804563986647,510.54336044732514
blocked,86863,1,state_holding,12782.0,802.6811151716383,510.54388432904955
blocked,86863,1,state_holding,12790.0,802.6810972051027,510.5432766262492
blocked,86863,1,state_holding,12798.0,802.6815763127197,510.54354904474593
blocked,86863,1,state_holding,12806.0,802.6815104354225,510.5437376421667
blocked,86863,1,state_holding,12814.0,802.6812948369948,510.54346522367
blocked,86863,1,state_holding,12822.0,802.6817440003858,510.5430251630215
blocked,86863,1,state_holding,12830.0,802.6814924688867,510.54260605764193
blocked,86863,1,state_holding,12839.0,802.6809714393532,510.54254319183497
blocked,86863,1,state_holding,12847.0,802.6818757549804,510.54239650495214
blocked,86863,1,state_holding,12856.0,802.6848102891356,510.5443453449671
blocked,86863,1,state_holding,12864.0,802.6879125109565,510.5441777028153
blocked,86863,1,state_holding,12872.0,802.68521753061,510.54451298711894
blocked,86863,1,state_holding,12880.0,802.6851456644675,510.54535119787795
blocked,86863,1,state_holding,12889.0,802.6852295083005,510.54516260045716
blocked,86863,1,state_holding,12897.0,802.6851756086935,510.54463871873276
blocked,86863,1,state_holding,12906.0,802.6852354971458,510.54457585292585
blocked,86863,1,state_holding,12914.0,802.6855768613228,510.5446177634638
blocked,86863,1,state_holding,12922.0,802.6860559689402,510.54438725550506
blocked,86863,1,state_holding,12930.0,802.6864033219625,510.54482731615354
blocked,86863,1,state_holding,12939.0,802.6858763035838,510.5448901819605
blocked,86863,1,state_holding,12947.0,802.6865470542477,510.54411483700835
blocked,86863,1,state_holding,12956.0,802.6861877235349,510.5441777028153
blocked,86863,1,state_holding,12964.0,802.6865769984737,510.54424056862223
blocked,86863,1,state_holding,12973.0,802.6861697569991,510.54426152389124
blocked,86863,1,state_holding,12981.0,802.6859781139524,510.5441777028153
blocked,86863,1,state_holding,12990.0,802.6857146047628,510.54463871873276
blocked,86863,1,state_holding,12998.0,802.6859182255002,510.5449740030364
blocked,86863,1,state_holding,13006.0,802.686109868547,510.5452254662641
blocked,86863,1,state_holding,13014.0,802.6855648836327,510.54656660347865
blocked,86863,1,state_holding,13022.0,802.6863134892843,510.5460846322922
blocked,86863,1,state_holding,13030.0,802.6871339610788,510.5464827824028
blocked,86863,1,state_holding,13039.0,802.6859421808809,510.5464199165958
blocked,86863,1,state_holding,13047.0,802.6859361920358,510.54600081121635
blocked,86863,1,state_holding,13056.0,802.6856068055491,510.54562361637477
blocked,86863,1,state_holding,13064.0,802.6863015115938,510.5455817058368
blocked,86863,1,state_holding,13072.0,802.6863134892843,510.5454140636849
blocked,86863,1,state_holding,13080.0,802.686026024714,510.54562361637477
blocked,86863,1,state_holding,13089.0,802.685720593608,510.5454140636849
blocked,86863,1,state_holding,13097.0,802.6853971959664,510.5454559742228
blocked,86863,1,state_holding,13106.0,802.6858224039768,510.5452254662641
blocked,86863,1,state_holding,13114.0,802.6854510955734,510.54530928734
blocked,86863,1,state_holding,13122.0,802.6852474748363,510.54509973465025
blocked,86863,1,state_holding,13130.0,802.6859841027974,510.54537215314696
blocked,86863,1,state_holding,13139.0,802.6861877235349,510.5449740030364
blocked,86863,1,state_holding,13147.0,802.6854750509544,510.5448901819605
blocked,86863,1,state_holding,13156.0,802.6857565266794,510.5449530477674
blocked,86863,1,state_holding,13164.0,802.6857445489891,510.54484827142255
blocked,86863,1,state_holding,13172.0,802.685379229431,510.54430343442914
blocked,86863,1,state_holding,13180.0,802.6862116789156,510.54457585292585
blocked,86863,1,state_holding,13189.0,802.6852474748363,510.5447854056156
blocked,86863,1,state_holding,13197.0,802.685379229431,510.5448692266915
blocked,86863,1,state_holding,13206.0,802.6853552740499,510.5448901819605
blocked,86863,1,state_holding,13214.0,802.6856247720846,510.5450787793813
blocked,86863,1,state_holding,13222.0,802.685720593608,510.54530928734
blocked,86863,1,state_holding,13230.0,802.685379229431,510.5451416451882
blocked,86863,1,state_holding,13239.0,802.6854870286446,510.5447854056156
blocked,86863,1,state_holding,13247.0,802.6857864709056,510.54537215314696
blocked,86863,1,state_holding,13256.0,802.6856068055491,510.5452464215331
blocked,86863,1,state_holding,13264.0,802.6855169728709,510.54503686884334
blocked,86863,1,state_holding,13272.0,802.6859481697262,510.54440821077407
blocked,86863,1,state_holding,13280.0,802.6862775562131,510.54260605764193
blocked,86863,1,state_holding,13289.0,802.6874633475654,510.5425851023729
blocked,86863,1,state_holding,13297.0,802.6855948278586,510.5431299393664
blocked,86863,1,state_holding,13306.0,802.6848222668259,510.54388432904955
blocked,86863,1,state_holding,13314.0,802.6848402333617,510.54440821077407
blocked,86863,1,state_holding,13322.0,802.6839478954246,510.5446177634638
blocked,86863,1,state_holding,13330.0,802.6844569472678,510.54509973465025
blocked,86863,1,state_holding,13339.0,802.685804437441,510.5452254662641
blocked,86863,1,state_holding,13347.0,802.6860619577853,510.5447015845397
blocked,86863,1,state_holding,13356.0,802.6864632104148,510.5440938817393
blocked,86863,1,state_ready_to_move,13364.0,802.6858463593576,510.54396815012547
blocked,86863,1,state_ready_to_move,13372.0,802.6861278350826,510.5437166868977
blocked,86863,1,state_ready_to_move,13380.0,802.685966136262,510.5441567475463
blocked,86863,1,state_ready_to_move,13389.0,802.6859361920358,510.54430343442914
blocked,86863,1,state_ready_to_move,13397.0,802.6862955227487,510.54445012131197
blocked,86863,1,state_ready_to_move,13406.0,802.6870081953291,510.54493209249847
blocked,86863,1,state_ready_to_move,13414.0,802.6866548534615,510.5452254662641
blocked,86863,1,state_ready_to_move,13422.0,802.6858942701192,510.54491113722946
blocked,86863,1,state_ready_to_move,13430.0,802.6866308980807,510.54518355572617
blocked,86863,1,state_ready_to_move,13439.0,802.6864512327243,510.54516260045716
blocked,86863,1,state_ready_to_move,13447.0,802.6862835450584,510.5450787793813
blocked,86863,1,state_ready_to_move,13456.0,802.6860559689402,510.54493209249847
blocked,86863,1,state_ready_to_move,13464.0,802.6867626526754,510.54501591357433
blocked,86863,1,state_ready_to_move,13472.0,802.6866308980807,510.5446806292707
blocked,86863,1,state_ready_to_move,13480.0,802.686553043093,510.54503686884334
blocked,86863,1,state_ready_to_move,13489.0,802.6858643258932,510.5448901819605
blocked,86863,1,state_ready_to_move,13497.0,802.6857625155245,510.54484827142255
blocked,86863,1,state_ready_to_move,13506.0,802.6858703147385,510.54491113722946
blocked,86863,1,state_ready_to_move,13514.0,802.68633145582,510.5448063608846
blocked,86863,1,state_ready_to_move,13522.0,802.6862356342966,510.54491113722946
blocked,86863,1,state_ready_to_move,13530.0,802.6869003961153,510.54509973465025
blocked,86863,1,state_ready_to_move,13539.0,802.6868764407345,510.5452254662641
blocked,86863,1,state_ready_to_move,13547.0,802.6868944072701,510.54623131917504
blocked,86863,1,state_ready_to_move,13556.0,802.6870800614718,510.5459379454094
blocked,86863,1,state_ready_to_move,13564.0,802.6874932917916,510.5450787793813
blocked,86863,1,state_ready_to_move,13572.0,802.6868764407345,510.5432556709803
blocked,86863,1,state_ready_to_move,13580.0,802.6876909236837,510.5427527445248
blocked,86863,1,state_ready_to_move,13589.0,802.687816689433,510.54229172860727
blocked,86863,1,state_ready_to_move,13597.0,802.6875112583273,510.54220790753135
blocked,86863,1,state_ready_to_move,13606.0,802.6873435706611,510.54266892344896
blocked,86863,1,state_ready_to_move,13614.0,802.6869483068771,510.54260605764193
blocked,86863,1,state_ready_to_move,13622.0,802.6867806192112,510.5428575208697
blocked,86863,1,state_ready_to_move,13630.0,802.6874633475654,510.5432766262492
blocked,86863,1,state_ready_to_move,13639.0,802.6873435706611,510.54323471571126
blocked,86863,1,state_ready_to_move,13647.0,802.6878646001949,510.54329758151823
blocked,86863,1,state_ready_to_move,13656.0,802.687810700588,510.54336044732514
blocked,86863,1,state_ready_to_move,13664.0,802.6881340982295,510.5436538210908
blocked,86863,1,state_ready_to_move,13672.0,802.6877987228975,510.5437376421667
blocked,86863,1,state_ready_to_move,13680.0,802.6874513698751,510.54375859743567
blocked,86863,1,state_ready_to_move,13689.0,802.6880502543966,510.5436538210908
blocked,86863,1,state_ready_to_move,13697.0,802.6881340982295,510.5432137604423
blocked,86863,1,state_ready_to_move,13706.0,802.6887210050604,510.5432766262492
blocked,86863,1,state_ready_to_move,13714.0,802.6887808935126,510.5439052843185
blocked,86863,1,state_ready_to_move,13722.0,802.6875352137081,510.54396815012547
blocked,86863,1,state_ready_to_move,13730.0,802.6866907865328,510.54350713420797
blocked,86863,1,state_ready_to_move,13739.0,802.6866847976877,510.5433394920562
blocked,86863,1,state_ready_to_move,13747.0,802.6869842399483,510.54264796817995
blocked,86863,1,state_ready_to_move,13756.0,802.6869842399483,510.5428156103318
blocked,86863,1,state_ready_to_move,13764.0,802.6872357714474,510.54323471571126
blocked,86863,1,state_ready_to_move,13772.0,802.687139949924,510.5428784761387
blocked,86863,1,state_ready_to_move,13780.0,802.6865230988667,510.54283656560074
blocked,86863,1,state_ready_to_move,13789.0,802.6865949650095,510.5433185367872
blocked,86863,1,state_ready_to_move,13797.0,802.6866728199972,510.5437376421667
blocked,86863,1,state_ready_to_move,13806.0,802.6860200358688,510.54350713420797
blocked,86863,1,state_ready_to_move,13814.0,802.6858643258932,510.54363286582185
blocked,86863,1,state_ready_to_move,13822.0,802.6855948278586,510.5433814025941
blocked,86863,1,state_ready_to_move,13830.0,802.6859002589645,510.5437376421667
blocked,86863,1,state_ready_to_move,13839.0,802.6862116789156,510.5449740030364
blocked,86863,1,state_ready_to_move,13847.0,802.6853971959664,510.54445012131197
blocked,86863,1,state_ready_to_move,13856.0,802.687565157934,510.5436538210908
blocked,86863,1,state_ready_to_move,13864.0,802.6880322878609,510.5439891053944
blocked,86863,1,state_ready_to_move,13872.0,802.6883916185737,510.54432438969815
blocked,86863,1,state_ready_to_move,13880.0,802.6890923134637,510.54476445034663
blocked,86863,1,state_ready_to_move,13889.0,802.6886251835372,510.54413579227736
blocked,86863,1,state_ready_to_move,13897.0,802.6884095851094,510.5433814025941
blocked,86863,1,state_ready_to_move,13906.0,802.6880322878609,510.54298325248357
blocked,86863,1,state_ready_to_move,13914.0,802.6863015115938,510.5433394920562
blocked,86863,1,state_ready_to_move,13922.0,802.6862056900704,510.5439052843185
blocked,86863,1,state_ready_to_move,13930.0,802.6859541585715,510.5438424185116
blocked,86863,1,state_ready_to_move,13939.0,802.685966136262,510.5440310159324
blocked,86863,1,state_ready_to_move,13950.0,802.6862775562131,510.54407292647034
blocked,86863,1,state_ready_to_move,13960.0,802.6861038797019,510.54438725550506
blocked,86863,1,state_ready_to_move,13968.0,802.6865769984737,510.54600081121635
blocked,86863,1,state_ready_to_move,13976.0,802.6860859131662,510.5457493479886
blocked,86863,1,state_ready_to_move,13984.0,802.6879664105634,510.5465246929407
blocked,86863,1,state_ready_to_move,13992.0,802.688373652038,510.5473209931619
blocked,86863,1,state_ready_to_move,14001.0,803.0587418066282,510.65547113635444
blocked,86863,1,state_ready_to_move,14009.0,803.5821668783608,510.8844703157398
blocked,86863,1,state_ready_to_move,14016.0,803.7721510150952,510.9852861147902
blocked,86863,1,state_ready_to_move,14025.0,803.7816972343669,510.9973144391832
blocked,86863,1,state_ready_to_move,14033.0,803.672724206847,510.50201570163273
blocked,86863,1,state_ready_to_move,14041.0,803.2718009639733,508.4512702136944
blocked,86863,1,state_ready_to_move,14049.0,802.9069066139092,506.74639144022865
blocked,86863,1,state_ready_to_move,14057.0,801.8479949361817,501.79669404195255
blocked,86863,1,state_moving,14065.0,800.6387812101103,494.5302449713388
blocked,86863,1,state_moving,14073.0,799.4593919332065,484.70589099299485
blocked,86863,1,state_moving,14081.0,798.5959142413585,471.7533554169692
blocked,86863,1,state_moving,14089.0,797.9434295552569,455.02042645160805
blocked,86863,1,state_moving,14097.0,796.6197929525204,434.3340764409649
blocked,86863,1,state_moving,14106.0,794.918445870961,409.6228479178266
blocked,86863,1,state_moving,14114.0,792.3990644550402,381.5459098231474
blocked,86863,1,state_moving,14122.0,789.0174749824569,350.7979502787979
blocked,86863,1,state_moving,14130.0,784.9943364551332,318.2372342362868
blocked,86863,1,state_moving,14139.0,780.8272081223215,284.62200714829333
blocked,86863,1,state_feedback_ep,14147.0,777.0436773031781,250.62614855459395
blocked,86863,1,state_feedback_ep,14156.0,774.3127279523706,216.66549481277661
blocked,86863,1,state_feedback_ep,14165.0,772.6032659855457,183.50742787279486
blocked,86863,1,state_feedback_ep,14173.0,771.840382926763,151.57335819378486
blocked,86863,1,state_feedback_ep,14181.0,772.0056271439169,121.30917198904831
blocked,86863,1,state_feedback_ep,14190.0,772.420869715698,93.49591404391202
blocked,86863,1,state_feedback_ep,14198.0,772.9572845927007,68.95591102358836
blocked,86863,1,state_feedback_ep,14206.0,773.3773601625696,47.45136253572143
blocked,86863,1,state_feedback_ep,14214.0,772.3471470311094,31.17590804740659
blocked,86863,1,state_feedback_ep,14222.0,770.9024099892939,17.799321648353583
blocked,86863,1,state_feedback_ep,14230.0,769.1561226132465,7.514224171002951
blocked,86863,1,state_feedback_ep,14239.0,767.4031516859395,-0.16940239441354843
blocked,86863,1,state_feedback_ep,14247.0,765.9070782629467,-5.575023579831528
blocked,86863,1,state_feedback_ep,14255.0,764.9008684231056,-8.860139186885359
blocked,86863,1,state_feedback_ep,14263.0,764.4145981470825,-10.420552336020746
blocked,86863,1,state_feedback_ep,14272.0,764.3114342994204,-10.784251984393029
blocked,86863,1,state_feedback_ep,14280.0,764.3094939135708,-10.801602947106343
blocked,86863,1,state_feedback_ep,14289.0,764.3031936484053,-10.80218969463771
blocked,86863,1,state_feedback_ep,14297.0,764.3033014476192,-10.803782295079994
blocked,86863,1,state_feedback_ep,14305.0,764.2905811403841,-10.798501567297683
blocked,86863,1,state_feedback_ep,14313.0,764.293180299207,-10.803698474004085
blocked,86863,1,state_feedback_ep,14322.0,764.2825201547256,-10.806213106281378
blocked,86863,1,state_feedback_ep,14330.0,764.2903176311945,-10.810236517925043
blocked,86863,1,state_feedback_ep,14339.0,764.2990134344459,-10.810571802228683
blocked,86863,1,state_feedback_ep,14347.0,764.295048818914,-10.81409228741689
blocked,86863,1,state_feedback_ep,14356.0,764.2985582822096,-10.814427571720529
blocked,86863,1,state_feedback_ep,14364.0,764.3037805552365,-10.82004358380648
blocked,86863,1,state_feedback_ep,14372.0,764.2955758372929,-10.818115699060558
blocked,86863,1,state_feedback_ep,14380.0,764.2982229068775,-10.820714152413759
blocked,86863,1,state_feedback_ep,14389.0,764.2950607966045,-10.817026025073732
blocked,86863,1,state_feedback_ep,14397.0,764.2959471456961,-10.8176127726051
blocked,86863,1,state_feedback_ep,14406.0,764.3001393373461,-10.815265782479628
blocked,86863,1,state_feedback_ep,14414.0,764.2999596719897,-10.817026025073732
blocked,86863,1,state_feedback_ep,14422.0,764.3018162140061,-10.8176127726051
blocked,86863,1,state_feedback_ep,14430.0,764.3017323701731,-10.817109846149641
blocked,86863,1,state_feedback_ep,14439.0,764.3036607783321,-10.814930498175988
blocked,86863,1,state_feedback_ep,14447.0,764.3047148150899,-10.815517245707357
blocked,86863,1,state_feedback_ep,14456.0,764.3087752521451,-10.815265782479628
blocked,86863,1,state_feedback_ep,14464.0,764.3068109109149,-10.816606919694182
blocked,86863,1,state_feedback_ep,14473.0,764.3044632835908,-10.81451139279644
blocked,86863,1,state_feedback_ep,14481.0,764.298989479065,-10.816187814314633
blocked,86863,1,state_feedback_ep,14490.0,764.2935755629912,-10.814930498175988
blocked,86863,1,state_feedback_ep,14498.0,764.2896229251497,-10.816523098618273
blocked,86863,1,state_feedback_ep,14506.0,764.2902098319807,-10.817109846149641
blocked,86863,1,state_feedback_ep,14514.0,764.2922699947346,-10.818702446591926
blocked,86863,1,state_feedback_ep,14522.0,764.2924855931622,-10.818199520136467
blocked,86863,1,state_feedback_ep,14530.0,764.2866524579234,-10.82054651026194
blocked,86863,1,state_feedback_ep,14539.0,764.287646606229,-10.819624478426933
blocked,86863,1,state_feedback_ep,14547.0,764.287730450062,-10.82004358380648
blocked,86863,1,state_feedback_ep,14556.0,764.286532681019,-10.82054651026194
blocked,86863,1,state_feedback_ep,14564.0,764.2868920117321,-10.821552363172858
blocked,86863,1,state_feedback_ep,14572.0,764.2851792020008,-10.82079797348967
blocked,86863,1,state_feedback_ep,14580.0,764.2903415865754,-10.821971468552405
blocked,86863,1,state_feedback_ep,14589.0,764.2923897716387,-10.821217078869218
blocked,86863,1,state_feedback_ep,14597.0,764.2907727834308,-10.824318458677878
blocked,86863,1,state_feedback_ep,14606.0,764.2874908962535,-10.823061142539231
blocked,86863,1,state_feedback_ep,14614.0,764.288844375272,-10.82356406899469
blocked,86863,1,state_feedback_ep,14622.0,764.2906649842171,-10.822474395007863
blocked,86863,1,state_feedback_ep,14630.0,764.2947014658916,-10.822474395007863
blocked,86863,1,state_feedback_ep,14639.0,764.2936474291337,-10.820714152413759
blocked,86863,1,state_feedback_ep,14647.0,764.2895510590072,-10.82079797348967
blocked,86863,1,state_feedback_ep,14656.0,764.292761080042,-10.820714152413759
blocked,86863,1,state_feedback_ep,14664.0,764.2931084330644,-10.821803826400586
blocked,86863,1,state_feedback_ep,14672.0,764.2935396299199,-10.821803826400586
blocked,86863,1,state_feedback_ep,14680.0,764.295887257244,-10.823312605766962
blocked,86863,1,state_feedback_ep,14689.0,764.2943900459403,-10.82339642684287
blocked,86863,1,state_feedback_ep,14697.0,764.29521650658,-10.82314496361514
blocked,86863,1,state_feedback_ep,14706.0,764.2954800157694,-10.822139110704224
blocked,86863,1,state_feedback_ep,14714.0,764.2939348937041,-10.821803826400586
blocked,86863,1,state_feedback_ep,14722.0,764.2970730485963,-10.82054651026194
blocked,86863,1,state_feedback_ep,14730.0,764.2982827953297,-10.822642037159682
blocked,86863,1,state_feedback_ep,14739.0,764.2968574501688,-10.822139110704224
blocked,86863,1,state_feedback_ep,14747.0,764.2949769527713,-10.82314496361514
blocked,86863,1,state_feedback_ep,14756.0,764.2953961719364,-10.821720005324675
blocked,86863,1,state_feedback_ep,14764.0,764.2951685958183,-10.823899353298328
blocked,86863,1,state_feedback_ep,14772.0,764.2947254212722,-10.824653742981516
blocked,86863,1,state_feedback_ep,14780.0,764.2924855931622,-10.824402279753787
blocked,86863,1,state_feedback_ep,14789.0,764.2912878241193,-10.823899353298328
blocked,86863,1,state_feedback_ep,14797.0,764.2876226508481,-10.82356406899469
blocked,86863,1,state_feedback_ep,14806.0,764.291275846429,-10.82339642684287
blocked,86863,1,state_feedback_ep,14814.0,764.2931443661358,-10.822474395007863
blocked,86863,1,state_feedback_ep,14823.0,764.289682813602,-10.821971468552405
blocked,86863,1,state_feedback_ep,14831.0,764.2928209684942,-10.823312605766962
blocked,86863,1,state_feedback_ep,14840.0,764.2927011915899,-10.82339642684287
blocked,86863,1,state_feedback_ep,14848.0,764.2974922677615,-10.821552363172858
blocked,86863,1,state_feedback_ep,14856.0,764.3002112034887,-10.81149383406369
blocked,86863,1,state_feedback_ep,14864.0,764.3024749869796,-10.80839245425503
blocked,86863,1,state_feedback_ep,14872.0,764.3002710919409,-10.80822481210321
blocked,86863,1,state_feedback_ep,14880.0,764.3031098045724,-10.809565949317767
blocked,86863,1,state_feedback_ep,14889.0,764.2980192861403,-10.808643917482758
blocked,86863,1,state_feedback_ep,14897.0,764.2991332113502,-10.808057169951391
blocked,86863,1,state_feedback_ep,14906.0,764.296558007908,-10.808979201786398
blocked,86863,1,state_feedback_ep,14914.0,764.2899583004817,-10.807470422420023
blocked,86863,1,state_feedback_ep,14922.0,764.291611221761,-10.80788952779957
blocked,86863,1,state_feedback_ep,14930.0,764.2906410288363,-10.807721885647751
blocked,86863,1,state_feedback_ep,14939.0,764.294018737537,-10.808979201786398
blocked,86863,1,state_feedback_ep,14947.0,764.2905931180744,-10.807470422420023
blocked,86863,1,state_feedback_ep,14955.0,764.2936713845146,-10.80788952779957
blocked,86863,1,state_feedback_ep,14963.0,764.2957674803397,-10.806799853812745
blocked,86863,1,state_feedback_ep,14972.0,764.2961028556716,-10.807302780268204
blocked,86863,1,state_feedback_ep,14980.0,764.2969412940017,-10.807302780268204
blocked,86863,1,state_feedback_ep,14989.0,764.296306476409,-10.807554243495932
blocked,86863,1,state_feedback_ep,14997.0,764.2947014658916,-10.80788952779957
blocked,86863,1,state_feedback_ep,15005.0,764.3004866903686,-10.808057169951391
blocked,86863,1,state_feedback_ep,15013.0,764.2984504829957,-10.807470422420023
blocked,86863,1,state_feedback_ep,15022.0,764.3009059095336,-10.808895380710487
blocked,86863,1,state_feedback_ep,15030.0,764.3010855748901,-10.80822481210321
blocked,86863,1,state_feedback_ep,15039.0,764.2938989606328,-10.807973348875482
blocked,86863,1,state_feedback_ep,15047.0,764.2964502086941,-10.80788952779957
blocked,86863,1,state_feedback_ep,15055.0,764.2965220748367,-10.809398307165946
blocked,86863,1,state_feedback_ep,15063.0,764.3017323701731,-10.808979201786398
blocked,86863,1,state_feedback_ep,15072.0,764.2973724908571,-10.810320339000954
blocked,86863,1,state_feedback_ep,15080.0,764.2933120538017,-10.808979201786398
blocked,86863,1,state_feedback_ep,15089.0,764.2991092559694,-10.809146843938217
blocked,86863,1,state_feedback_ep,15097.0,764.2974084239283,-10.80822481210321
blocked,86863,1,state_feedback_ep,15106.0,764.2987020144947,-10.80839245425503
blocked,86863,1,state_feedback_ep,15114.0,764.3009418426047,-10.807805706723663
blocked,86863,1,state_feedback_ep,15122.0,764.2990254121362,-10.807973348875482
blocked,86863,1,state_feedback_ep,15130.0,764.3004028465355,-10.807554243495932
blocked,86863,1,state_feedback_ep,15139.0,764.3001153819653,-10.807470422420023
blocked,86863,1,state_feedback_ep,15147.0,764.297671933118,-10.806548390585014
